{"chunk_definitions":[{"row":30,"row_count":1,"visible":true,"expansion_state":0,"options":{"include":false,"engine":"r","label":"setup","echo":false,"message":false,"warning":false},"document_id":"12D0FA48","chunk_id":"csetup_chunk","chunk_label":"setup"},{"row":607,"row_count":1,"visible":true,"expansion_state":0,"options":{"engine":"r","label":"multisimMarketshare","echo":false},"document_id":"12D0FA48","chunk_id":"czp9jjnwm9l0y","chunk_label":"multisimMarketshare"},{"row":684,"row_count":1,"visible":true,"expansion_state":0,"options":{"engine":"r","label":"sensitivityRevenue","echo":false},"document_id":"12D0FA48","chunk_id":"couyeu4w2ud33","chunk_label":"sensitivityRevenue"}],"doc_write_time":1639446094,"working_dir":null,"default_chunk_options":{"warning":false,"message":false,"comment":"#>","fig.path":"figs/","fig.width":7.252,"fig.height":4.0,"fig.retina":3.0}}