"session","created","modified","ended","expired","screenoutLoc","screenoutUser","consentAge","consentUnderstand"
"","2021-11-17 04:45:50","2021-11-17 04:45:59","2021-11-17 04:45:59","","1","3","1","1"
"sparklingBaboonXXXUEe1VL676BPwLbl4WKurugTb2G1Jy71tm3LbJjSP04_wXk","2021-11-18 21:47:33","2021-11-18 21:47:46","2021-11-18 21:47:46","","1","4","1","1"
"spotlessHornedFrogXXX2z1AdLM5tNmN4hnwtvqlablbSAxt1Si4sAcQKlagyTH","2021-11-18 21:54:44","2021-11-18 21:54:53","2021-11-18 21:54:53","","2","1","2","2"
"blushingHoundXXXrv5EDNLwJsREyWV6McxnVWrEahrr2X3hRE99C9ZNWkQzRE8G","2021-11-18 22:02:01","2021-11-18 22:02:11","2021-11-18 22:02:11","","1","3","1","1"
"clearZebraSharkXXXA4weBxVFBpng4mQ9TMpaAxwPiXZff8gDubnZQDs3HY5CPm","2021-11-18 22:06:58","2021-11-18 22:07:06","2021-11-18 22:07:06","","1","4","1","1"
"plainElephantShrewXXXs1tpzc_gZkfR7JpChVrO2WbDaDzcuh3ItMxNptBtvso","2021-11-18 22:28:00","2021-11-18 22:28:08","2021-11-18 22:28:08","","1","1","2","2"
"hilariousMarkhorXXXg3HKavUotu9mG1-tfmCKMSlhu56t10AFyg4M_dB5GKN-q","2021-11-18 22:34:43","2021-11-18 22:34:52","2021-11-18 22:34:52","","2","1","2","2"
"crazyTermiteXXXGwTs_DYXukcksHvpxwCJnFF-oFAw9ZwxRKsNjOvJZwa9s0i49","2021-11-18 22:38:55","2021-11-18 22:39:05","2021-11-18 22:39:05","","2","1","2","2"
"comfortablePrawnXXX3kYNW_Yel1LRCZ_QG3MoiWE6HRF3p-nwKeM3k8h7bgmOh","2021-11-18 22:40:27","2021-11-18 22:40:36","2021-11-18 22:40:36","","1","2","1","1"
"fantasticTawnyOwlXXX9vJWLJxCvhzAz1_wxp27VKlv_sBSQoSn5T-7CtUH6Z1B","2021-11-18 22:42:04","2021-11-18 22:42:12","2021-11-18 22:42:12","","1","4","1","1"
"pricklySeaOtterXXX2biwh4Dw0FWMstwSOWupf4RamdoHM87x60bVWGfLCCXH82","2021-11-18 22:43:52","2021-11-18 22:43:59","2021-11-18 22:43:59","","1","3","1","1"
"toughKiwiXXXkJ65cXPy99j6eLd-7QG9UciQ6ip0Z6dVs0eyLDbcJxajV1-dTizu","2021-11-19 16:48:29","","","","","","",""
"","2021-11-19 16:57:38","","","","","","",""
"","2021-11-19 17:10:27","","","","","","",""
"","2021-11-19 17:11:49","2021-11-19 17:12:18","","","","","",""
"","2021-11-19 17:13:21","","","","","","",""
"","2021-11-19 17:14:26","","","","","","",""
"","2021-11-19 17:15:05","","","","","","",""
"","2021-11-19 17:17:37","2021-11-19 17:18:04","2021-11-19 17:18:04","","1","2","1","1"
"gorgeousDiscusXXXmK7fPKC86uojKid4QkSONyrVCGRberZ8MIcmBBU3Ytyz0F5","2021-11-19 17:57:15","2021-11-19 17:57:34","2021-11-19 17:57:34","","2","1","1","1"
"clumsyFennecXXXz3y2AjwzQwWS1BMmghjRv-3WjXf7IYrG3c6o8XPWOAhI0EQzL","2021-11-19 17:58:00","2021-11-19 17:58:13","2021-11-19 17:58:13","","1","3","1","1"
"mistyStoatXXXZ7dvqCXKLcyGZyBZJ2j_Q9_pJySTlM3BjzRQ2NVQE2DVCs37cBD","2021-11-19 18:07:02","2021-11-19 18:07:19","2021-11-19 18:07:19","","1","2","1","1"
"darkScorpionFishXXXo4HnIhMT4K9HQyxffhEKw5MrSzgl11kI34dGsmrEN0wVc","2021-11-19 18:10:39","2021-11-20 21:40:21","2021-11-20 21:40:21","","1","2","1","1"
"QeLXkwQOVeXJPfYTgGjiOFOnGhGbaqKO98qQyiTP8iymQjSDzpk73gVwYjWr0AUa","2021-11-19 20:14:33","2021-11-19 20:14:51","2021-11-19 20:14:51","","1","5","1","1"
"-QUUzH6S7nDEOruSGf9NeG-dYS3NJvf98T-MjomD_eiuWFm8GTDLj5zf73RT-rUd","2021-11-19 20:20:45","","","","","","",""
"YI2InWhhdZk5r8oUcYo39ChMKhEjULAVTNQdg7gqnTmq5gakhEL0BErQj7nOtH7Y","2021-11-19 20:48:30","2021-11-19 20:50:58","2021-11-19 20:50:58","","1","2","1","1"
"5ss2myK2Vb7gRS31wQhxLGT9fyx7yxkXesDvL5rVllb2cK2oodTg9CFu6Ff8CR5y","2021-11-19 21:04:50","2021-11-19 21:05:09","2021-11-19 21:05:09","","1","3","1","1"
"kindRattlesnakeXXXKIOrgZEEJ6AGYUo8k-6ISqQu8FbGlZPvSaz_PTsy9LWP0Y","2021-11-19 23:16:29","2021-11-19 23:16:44","2021-11-19 23:16:44","","1","3","1","1"
"superEelXXXwDh9wksqz8YWkcNScZrHP-pa3WUNck1Yhrg2A5Wcb17yqrxHLXJLG","2021-11-19 23:17:37","2021-11-19 23:17:51","2021-11-19 23:17:51","","1","2","1","1"
"differentSlowWormXXXj0IokItUaFXwJPvALyEr_X8ON_4KIh3DXoqh1yec3dye","2021-11-19 23:22:33","2021-11-19 23:22:42","2021-11-19 23:22:42","","1","2","1","1"
"handsomeCheetahXXXo8zP9MWeQSMSrNWJTeX54u8S467z9W_ckUcN200MnkKLnS","2021-11-19 23:25:22","2021-11-19 23:25:36","2021-11-19 23:25:36","","1","2","1","1"
"curiousBearXXXtpdqQ5yH8DIHdpK61DOvjZB5cHNu9QAvapv_cpViV0wSZVsikm","2021-11-19 23:28:10","2021-11-19 23:28:46","2021-11-19 23:28:46","","1","4","1","1"
"happyPenguinXXX0sbiDru6cn_hIN3aJIEMRqqaAGz4D8YM2ArmxZSnAGFvwO-LK","2021-11-19 23:34:00","2021-11-19 23:34:11","2021-11-19 23:34:11","","2","1","1","1"
"3F5OZcjXq9gTLMlPmR45TnQELWktW8V9VpXa5KtZI8jMi8v4aWqk__aBzd_5a1Fq","2021-11-19 23:53:40","2021-11-19 23:53:50","2021-11-19 23:53:50","","1","4","1","1"
"frailSheepXXX1-onCU28xnUjcmpgN9c6hjuiomcTZumxivoUpljlBCa3QGmdll9","2021-11-20 00:00:19","2021-11-20 00:00:26","2021-11-20 00:00:26","","1","3","1","1"
"fancyTreeFrogXXXQLaOnu4JiMrGbKPz3kStpyR9crHs8yAfdF4cai2WctZcCVCF","2021-11-20 00:05:10","2021-11-20 00:05:18","2021-11-20 00:05:18","","1","4","1","1"
"AzQ5bomVCXIX_mHCnZOCh64UorAr9dQ8xyqSDPkynB3tfg-ilqx3oeFdtl6EZchT","2021-11-23 16:51:44","","","","","","",""
"Sffzo2gAqOipAsI4TRDSuFqLwqcuv3U8YtMg4Q-O9c9QDKe3Z2uSvuxp0vC9Fo0r","2021-11-23 16:51:59","","","","","","",""
"dv9HKxs69GCFTzi6SHjtC_BgigCwQMWI9U1NC2hAIDkCAMT1gu2djKFXMa7aMd9k","2021-11-23 19:01:44","2021-11-23 19:02:08","2021-11-23 19:02:08","","1","2","1","1"
"carefulPademelonXXXlz7NF9wzB_Qi4u2_vOb-Cf-u2VuRRTSi86pygNMgF0gge","2021-11-23 21:37:17","2021-11-23 21:37:27","2021-11-23 21:37:27","","1","2","1","1"
"averageRussianBlueXXXaLrhs0Ev18Jw_v4Yk9Jvst5qQcgofMxvZBFMUbuAdKu","2021-11-23 21:49:52","2021-11-23 21:50:03","2021-11-23 21:50:03","","1","3","1","1"
"outstandingJellyfishXXXdASUTH3y1EMNKr9L1qmxwY9kTll0abuvRIMxD4CZH","2021-11-24 14:14:12","2021-11-24 14:14:20","2021-11-24 14:14:20","","1","3","1","1"
"awkwardSpiderMonkeyXXX-ZRi9K5yX1vdtMUb2A1EGoyXc-l94z9L73XqWKA839","2021-11-24 14:16:37","2021-11-24 14:16:43","2021-11-24 14:16:43","","1","3","1","1"
"sKKhUF10XaBbW_FqBOyurkqRVcCJXajsX5UhOL8d1FWSUF9ypxQSPW6_sLepW0IP","2021-11-25 04:46:42","","","","","","",""
"TFm4sZi-WPLM0pcICqd90YM_E2CXGTQIMJcxYVChQBryjWMQA3m93GD4Tv7yw2yY","2021-11-25 04:46:44","","","","","","",""
"pjWaIMZPqbiHbeqVOlyjrzlJ044yxrQBpu4sZtmie3AzQFVilgiN_OtlkP_-sOtq","2021-11-25 04:46:46","","","","","","",""
"ewyun0G6AoiJgXyw3DW2R-BHMvxN6WiDW6YsOP9umxEgrt8PPmJt038kV32OynLy","2021-11-25 04:46:52","","","","","","",""
"2sEy9sxap4ZWzGw_9g-MDXA-D2a56O04aH5cZNR5fM3_ujZP64WI04N3EuIYEoVQ","2021-11-25 04:46:56","","","","","","",""
"KJmn_TXuAPcuhhQhX1bKVM4xVAExyOKO7bPLX35aiVp3vMDpHjrqYmFz_tI2h6z-","2021-11-25 04:48:31","","","","","","",""
"xueLw6IdhMbJiCOQwgsp66hZxAzzoJVxdueiSguLNkIZsmbvO24H1EcDOGjVlVWC","2021-11-25 18:06:37","","","","","","",""
"8WjmqsZ9d_X666K_ow9-3ALTGik0JiWkGPjNRi5_K4Sg-3E9QErLRxX-Epkt5OGN","2021-11-25 18:06:50","","","","","","",""
"WabHXKe3lCo8Hn3gLeZYxIkiB5ViCOuIYCFeube8blhIyKrb8eJ_q0QptB-lJZie","2021-11-25 18:06:52","","","","","","",""
"C2o-kWr_EJhCSDveQvset74kj7iSIr0-J8UcII9TVDzNn9rP5BfqLFFS_gXM2zeu","2021-11-25 18:07:12","","","","","","",""
"vvZhI2zDV9cfCE5SAVruQsrJ75VAH1-82qUh4OczTaVSMZvU981mB33sF4SDwEzD","2021-11-25 18:07:23","2021-11-25 18:12:08","2021-11-25 18:12:08","","1","4","1","1"
"-ger25b2Q9_hPWKJO7NA-ZoZD0T75xz1wY88YiS7VJu6Q0dFIxNTERm5ph9tljbL","2021-11-25 18:09:34","","","","","","",""
"5VC4RYNzXc-uNbE_XjpqZ4oTLOs6KqaNPAn_yMeRhFtASCIiLVixrsJginu0qVPB","2021-11-25 18:10:07","2021-11-25 18:11:36","2021-11-25 18:11:36","","1","4","1","1"
"j3qCmvpqCt9QYGIdGCfCaSFdSGRzyRJVsDr9UOOu3TihLVZft1lC5SGTjQMeZh4A","2021-11-25 18:19:38","","","","","","",""
"Di2VfDdXutfr-fm6EaJsswMe31LU3ZcjLtehIT5wt9_Y1_s4xP5-IFg5E7Y1qtiT","2021-11-25 18:20:25","","","","","","",""
"Pwhz_eI9ugJrTLWu8oPX-VkzrUczCApDQfh65cFlwlCQrqHfJhNZJrFwyHrHBSMA","2021-11-25 18:35:20","","","","","","",""
"Y8za0MoctTYD-ebi1-rRI9hWcIQdMnCE7wjQUgV6dWGwBUbphPCrSwF7lWqiCjB5","2021-11-25 18:42:10","2021-11-25 18:42:47","2021-11-25 18:42:47","","1","4","1","1"
"y3ZgEThvKOHLsUUCnVRncMUoKkeeAiF0R898H4VQE8MLPY2K02DgkGAbbzYTQdlb","2021-11-25 19:06:43","2021-11-25 19:07:58","2021-11-25 19:07:58","","1","4","1","1"
"OZeVE0W8AKi0zemCx4qm8-C4wlgcfAK0_Dr_zUungrqQcTWWS4RLjEuYrzaVBBfH","2021-11-26 03:25:38","2021-11-26 03:26:20","2021-11-26 03:26:20","","1","2","1","1"
"4FfLl9HSRo0xDHQFgsVHlqSkc6R9wqAJqZ6mb-3qJVKxrPKPrr3dcD3Vr9gObk5d","2021-11-26 18:34:27","2021-11-26 18:34:40","2021-11-26 18:34:40","","1","4","1","1"
"2ugIE8AdABdFEn1pexjnKAk25RIb3EQUcLlqdcdiggBJY0-ElEPvVfGpQvxhHocx","2021-11-26 18:35:44","2021-11-26 18:35:56","2021-11-26 18:35:56","","1","3","1","1"
"KgHpHfpnBby7W10XJ4H-morgroE_Vv-k7H4qnZMsnTKCHk1Vp_1AzGiPOc4nN3kk","2021-11-26 18:36:09","2021-11-26 18:36:29","2021-11-26 18:36:29","","1","3","1","1"
"tQD__b8OSOH8fNm7cNct_ZhuHbTwYaGp3Mi8HIFNGsyFiyno5m3s4_wxFJK1sNls","2021-11-26 18:49:02","2021-11-26 18:49:22","2021-11-26 18:49:22","","1","2","1","1"
"gw7inmCnxiX7H68hhSY2lpbpR5QN2HCL3LaFKPqkGv_BSDWP8wr84bPUdyktA0C_","2021-11-26 18:53:05","2021-11-26 18:53:40","2021-11-26 18:53:40","","1","2","1","1"
"_y2arWVhqfYWNlLaSxvikjqUbl83H7G5PnFxwkmsv8TCRlcjepHq4v_U-uhziYEz","2021-11-26 18:53:37","2021-11-26 18:54:41","2021-11-26 18:54:41","","1","6","1","1"
"pSJ3eirgw_s6ReoZoME-B0dSG-tfGbSdcOofTAjHx897WI-vuPlcI3E4tfTGQ3Yv","2021-11-26 18:53:38","2021-11-26 18:54:09","2021-11-26 18:54:09","","1","6","1","1"
"LrQsE1oM-tnGGMyZ_7ug38QRKK0HdnnusGsswv6O_Og1SzGDmNHKKzqZ-fKj7r5P","2021-11-26 18:55:24","2021-11-26 18:59:48","2021-11-26 18:59:48","","1","6","1","1"
"dHDPglgbFYngWKAwYCmgSYLB78tXpSYm1vghnwThZeiaQRkLurZXBC8za-liU6uL","2021-11-26 18:55:37","2021-11-26 18:56:14","2021-11-26 18:56:14","","1","4","1","1"
"RdbIfemveSFMPbPdmHjLaUK1nq9WKOwHm1wdeMXHV06JbEjLEXv-QCwqlpVQeUOO","2021-11-26 18:56:22","2021-11-26 18:57:16","2021-11-26 18:57:16","","1","3","1","1"
"kAu3hgHK9kECJI2dFtgW6f0I7wgMfQ12IDjEF5ZC60HtmQ_2rAL6AkaB0eIgUP8E","2021-11-26 18:57:10","2021-11-26 18:57:38","2021-11-26 18:57:38","","1","7","1","1"
"S3tu19z4uBQLxXR7XeIaWMgHBr2xWXqYszhX8ovUsuWqXpPz4GpntHyxDbxD0R-p","2021-11-26 18:58:24","2021-11-26 18:59:03","2021-11-26 18:59:03","","1","2","1","1"
"ipz2Eb1dh34lCdfLrzuvRk12Cv38bN_OKL107vI7gUM9XnVJtnFwkX-8QpJ3Q33h","2021-11-26 18:58:56","2021-11-26 18:59:21","2021-11-26 18:59:21","","1","4","1","1"
"sa9AKEAx_F0tPf4WSRWuYVx1skv45kfapmxJQoVWZT06yZXgPfHNd3lPLXg7lj9C","2021-11-26 18:59:09","2021-11-26 18:59:38","2021-11-26 18:59:38","","1","7","1","1"
"SjyZtBePi-fQT1F0dxeaxaVViEhRrb_OWGj_qMJfA1LctlO_mhzmy_p-YdQY1WJ3","2021-11-26 18:59:13","2021-11-26 18:59:49","2021-11-26 18:59:49","","1","5","1","1"
"VpMx3Ll92vma0MR73EMGd-0UTIaWkneNPCaJNW6mpSnkD2OhL9D6BPGypgswJv_H","2021-11-26 19:01:11","2021-11-26 19:01:44","2021-11-26 19:01:44","","1","2","1","1"
"7W36Xv6Zl_Ctvvd25uR2QHtSaYkf37fWQKHyaZmcZOqF28A1IXkQpY7enx1MQFgi","2021-11-26 19:02:05","2021-11-26 19:02:40","2021-11-26 19:02:40","","1","4","1","1"
"XNFY56GZsuUQvFwoyWKq1pRWI5cl1FM1LgH-6tW3vAndUBs6Vl2M1hoCxDpFBha7","2021-11-26 19:02:31","2021-11-26 19:03:09","2021-11-26 19:03:09","","1","5","1","1"
"Z2a_x9U8gGalbcroSkp199hlXQpYs8UizBxEadx8FHIjc_uM9cyw6Pc_A06huCaa","2021-11-26 19:03:07","2021-11-26 19:03:22","2021-11-26 19:03:22","","1","2","1","1"
"rm4L22nqWddgf1qG_qcxGKgznDdWCkIHf8DTBWqqe7o6IB3-n_48jI8VcIVGDSwy","2021-11-26 19:03:15","2021-11-26 19:03:40","2021-11-26 19:03:40","","1","5","1","1"
"P_5l6XzxzYUzIs5jN_OAzlcdGy2A9N8UtPwANT4XImaog4Y8Jz6zcHvLyqAVHtXi","2021-11-26 19:03:16","2021-11-26 19:03:48","2021-11-26 19:03:48","","1","5","1","1"
"wASiA7r-9lDoOxq4-wWSVGNaDD3LitoqjxOWf__S9jRY2aVCIH-McyAtUWkuojyK","2021-11-26 19:03:31","2021-11-26 19:03:52","2021-11-26 19:03:52","","1","6","1","1"
"5JkFLPSH2WqsrWusCSqeNuXNCEpQdJD8Bg2j6RraUcXcIKyVUiI-qOPAuX6UJiPe","2021-11-26 19:04:17","2021-11-26 19:04:40","2021-11-26 19:04:40","","1","1","1","1"
"j2z2qsR_NdlcJFqjfwliKVRZwgNbKx8mXuPq_amsHNaj4rpYdtS0Xe0DLFnEpXFd","2021-11-26 19:04:52","2021-11-26 19:05:16","2021-11-26 19:05:16","","1","3","1","1"
"GtqnuFnjKgxSPAuH_IogJ6LoexnY45stU28eCFGe15EqtbLDp0-RRf-_GMiy5vrr","2021-11-26 19:04:54","2021-11-26 19:05:17","2021-11-26 19:05:17","","1","4","1","1"
"xdKkinzGq3l-k_TSgdOEJImrj_IMFrvg3aX6kG9f0HQjMEvaHDkj6qYMZjmIbqn5","2021-11-26 19:05:17","2021-11-26 19:05:38","2021-11-26 19:05:38","","1","4","1","1"
"WRqEQnEGSIBevCG6DRKoy0LNbEr5KUBJNfknOFFOCiwbpftIVqeHtT25c3xLayK6","2021-11-26 19:05:31","","","","","","",""
"6Qfbwm0vyEbTs_avPNmTE04ECWGmXhJfvQ8XEIh2phqaV9Uab3Fyw8gBpIREWpaR","2021-11-26 19:05:32","2021-11-26 19:06:06","2021-11-26 19:06:06","","1","3","1","1"
"XJHcEWFX7A80T04WNEnX5VPzsaCLHANCVF1-QeDG-HmewRx4KvQ5nuHzDXDj4Ppc","2021-11-26 19:06:14","2021-11-26 19:06:49","2021-11-26 19:06:49","","1","3","1","1"
"oNqIAyqt9RxnngwuA-WG7W-GJBgPAl119FAm1vT5Zj-HJEEeAz9AOAeVrAiHPtsU","2021-11-26 19:06:20","","","","","","",""
"WNMCZJGvilj0K_MHYkrd_9VZP-iZykKAQdjtJuq8QuAnN5bWvYetW0Z2Avvpi90h","2021-11-26 19:08:46","2021-11-26 19:09:03","2021-11-26 19:09:03","","1","4","1","1"
"CVpohnBNsTWnaQswGifCb-iXEGo7QvEurX8dH9gEvj2lVACMsM6CyUi4_PAibn8C","2021-11-26 19:08:57","2021-11-26 19:09:58","2021-11-26 19:09:58","","1","2","1","1"
"rpZg9LUYfibCJvw_nfQItC4s_8-sO4JuX4usfLqLvEQ9qIMB5SkNsQwRD0B4MvzE","2021-11-26 19:09:23","2021-11-26 19:09:45","2021-11-26 19:09:45","","1","4","1","1"
"c4hqHnhHpzb7IeTVcnIc578BdlnmCo0NGedaxUU63cCczR0UX-ry85tHpjZ7hLOZ","2021-11-26 19:10:00","2021-11-26 19:10:18","2021-11-26 19:10:18","","1","4","1","1"
"zsZBSluOX59qS7Dx84xDaOZfbLDviSzQZMc7PezveLFKxnaRG5i5YPl4IypKvxea","2021-11-26 19:10:52","2021-11-26 19:11:53","2021-11-26 19:11:53","","1","7","1","1"
"119Hrw_o6YpdfUf_acA3BFaBEG7lnCcAnUeF5bNkhyMElc0XoylMspPZmSn0y65V","2021-11-26 19:12:45","2021-11-26 19:13:25","2021-11-26 19:13:25","","1","3","1","1"
"2--Drl5SKuCFQdunFiBmgIoSKUgb6EBs6gh5w3tPgZ9QZsAaSuH3thci-c6dTOSy","2021-11-26 19:12:55","2021-11-26 19:13:18","2021-11-26 19:13:18","","1","4","1","1"
"9i-vvjsG0fLG_usFFJ2E7R2sl0xHHcECnk2GkVW0QevRTCeSft-8Yth_g6OalM7K","2021-11-26 19:13:19","2021-11-26 19:14:11","2021-11-26 19:14:11","","1","4","1","1"
"XJP1L_fGLG4iD2le30GpQdDQeyft1yUoP8eC0Rt2oVvbEFwF2rUeA3NyeVDgg7y_","2021-11-26 19:14:02","2021-11-26 19:14:21","","","","","",""
"aSTE0DBEJoNfVMhX-oA9-4YqrxwOLRraZz67MpoH2z5yOsMZsneaAWE0DNWjnrjH","2021-11-26 19:14:20","2021-11-26 19:14:50","2021-11-26 19:14:50","","1","2","1","1"
"uEB-vM5iB_htOwfatRwuXVSWXnDzGYe7xPyZh8txf2NyIDjAP23UlWvmA8xAfzpq","2021-11-26 19:15:29","2021-11-26 19:16:05","2021-11-26 19:16:06","","1","2","1","1"
"AvZOKdzqhxZR4Vh-oN4xKQ7U914XscdKk4H4Ycj5xmuevuyhToYJprcy4SW70EXx","2021-11-26 19:15:29","2021-11-26 19:15:53","2021-11-26 19:15:53","","1","6","1","1"
"pJhCV5HC9pPK0MhSLjHFItx1l-8VD0RFIg4Ge8fcqKGShtwCZNg07HfZ7NLNjBk9","2021-11-26 19:16:39","2021-11-26 19:17:39","2021-11-26 19:17:39","","1","3","1","1"
"V049fSc7BXBc3neyxTmPIrarnEpX7Hr59UBYHzSLbFPUoN_hibxKz9pridSivtSK","2021-11-26 19:17:18","2021-11-26 19:19:48","2021-11-26 19:19:48","","1","5","1","1"
"UdL7CK-Jrhka9sSdw4-dOgpfi0UiU6_0cs6Qj8UqQgpDu1oow7hgc-efL9rfGKi6","2021-11-26 19:17:45","2021-11-26 19:18:12","2021-11-26 19:18:12","","1","7","1","1"
"gv6zNukV2GUPgjw2b3mEGbcJU7kvQQ9hucvRYtQALj-A0wsThO6yIQrKwZvq7CPE","2021-11-26 19:17:55","2021-11-26 19:18:15","2021-11-26 19:18:15","","1","6","1","1"
"0p-QvbjsbbWjlnrZ3qvvkuKH3c17BY0_axMymz2NyhDKNHiSWNgj-QIc-V3lRlPI","2021-11-26 19:19:12","2021-11-26 19:20:02","2021-11-26 19:20:02","","1","6","1","1"
"jsr8aQ95Th4D_XMQwVacRWicP1JDgJB8XDMKYqf8tkdgXCuzXsbLAHeY_4LtZ0BI","2021-11-26 19:19:37","2021-11-26 19:20:23","2021-11-26 19:20:23","","1","5","1","1"
"OPuXEmli-pUz42VIPM2a58ekz2kBxb39msJBbUSp9EHEenzYmUD9Po_wYAmJ4495","2021-11-26 19:20:03","2021-11-26 19:21:16","2021-11-26 19:21:16","","1","5","1","1"
"lCjGRLienVeYyI9cqNP6iHBZEgJf0a4keVbGWB32jayBk5tGASOhiOaHPZnRqQDk","2021-11-26 19:20:29","2021-11-26 19:20:47","2021-11-26 19:20:47","","1","3","1","1"
"beZ7LxvwlVTDmGR2tUUvC6SA6ztlL8hcFHVkM4AGmho9a7_-JWJOmyZYmBZf1S-a","2021-11-26 19:20:39","2021-11-26 19:21:04","2021-11-26 19:21:04","","1","4","1","1"
"AwPVkA6y5Nes8gj3RW--C6UGFWPpiBDPS4Ctx0KFndFH91XD6-bMCoNVZK6i8cJB","2021-11-26 19:20:46","2021-11-26 19:21:56","2021-11-26 19:21:56","","1","2","1","1"
"MXHPD9zSxg63W6ZOoNCMDbq35maYVlYzkflbcksZEV6XJTle_9xfmckW2uRHGART","2021-11-26 19:22:27","2021-11-26 19:23:38","2021-11-26 19:23:38","","1","2","1","1"
"212oa9YAAIvN_JirMF5foLqFxgwGm-89vGUuz9UgZzaAcDrWixqEaPfuGCD42nku","2021-11-26 19:22:29","2021-11-26 19:22:53","2021-11-26 19:22:53","","1","6","1","1"
"mw9pOomzqVfB4tEYsoAcNbJWly2jPJF2HlusCYCE-hAek3NUmGWcQWsTIyrLvEQP","2021-11-26 19:24:06","2021-11-26 19:24:31","2021-11-26 19:24:31","","1","2","1","1"
"xmC93xF8FUvaAls0sFaP9ZvO1ROx_4knQ_XD_yp3wOK9C1LjCCECpWE90WqF7Br0","2021-11-26 19:25:10","2021-11-26 19:25:58","2021-11-26 19:25:58","","1","4","1","1"
"eTjRmHF1OeE_4Ei6y1oDYMmv6KuTsTsDNgowfZfQnwUtPkhZSDNoTY_xHFXccaiV","2021-11-26 19:27:12","2021-11-26 19:27:59","2021-11-26 19:27:59","","1","4","1","1"
"b3TKJiwBvh5mRNBtqiEaeQm0Lf3n9QCybBg5jhqZ4bgkjrzfQPURwV2R01wpo1eM","2021-11-26 19:27:17","2021-11-26 19:27:48","2021-11-26 19:27:48","","1","2","1","1"
"1X9pf6CTxKdUyRZRte6hXAAVv439HstKv7RfmNINZn4-vJWlQ3-6hBm1bPURRZ_j","2021-11-26 19:28:09","2021-11-26 19:28:37","2021-11-26 19:28:37","","1","4","1","1"
"44dlRzbA06Up-Aag_nJBA3jyLxIBC5NDLNulPTNntMLWqVeZxbqzWQZ_pVegj8Oz","2021-11-26 19:28:16","2021-11-26 19:28:31","2021-11-26 19:28:31","","1","5","1","1"
"49mTh0Q9X25BnglNYQyQtuJvshlx24BpZek_qfKJ4it0nWZvYiJHyRxNzgo5b3Nf","2021-11-26 19:28:21","2021-11-26 19:28:54","2021-11-26 19:28:54","","1","2","1","1"
"6A12oE94WMf6_60CjECvSO6RHo008ZC9HVCEckiC283Cmip-ZF9a8ogXgBoqQwWu","2021-11-26 19:28:54","2021-11-26 19:29:37","2021-11-26 19:29:37","","1","6","1","1"
"YmhqhY0XU8tgdHUVu2nGApgX5SnsuaT3J0u79IPTHAE1HgqUxaJmOG2bn947arsm","2021-11-26 19:29:05","2021-11-26 19:29:56","2021-11-26 19:29:56","","1","4","1","1"
"nglZZfGEMScdv1ubJZbgnm1USPCcReVwUsBO17bkYHkkOfZJaejVIm8fJkJHOZSr","2021-11-26 19:29:25","2021-11-26 19:29:59","2021-11-26 19:29:59","","1","4","1","1"
"TtCsCuNBHhp6DTcuHCA2EV8IHSjA2zp9DVz3YsttLxj896FXndo4gdcR3AFe-JPs","2021-11-26 19:29:46","2021-11-26 19:30:12","2021-11-26 19:30:12","","1","3","1","1"
"1JVXsmChTBci6cyuXiMb9SnYajvz3JBpz-yz0rcdzFR9JDweoWyTCqxNV_1aSChR","2021-11-26 19:30:07","2021-11-26 19:31:31","2021-11-26 19:31:31","","1","7","1","1"
"wev-K3Pvb3mSF2gE4ZWMw3XjCZ33n-hRcjuJEK0eHVQpl5A4bFYWJ5r0MeRgUold","2021-11-26 19:30:44","2021-11-26 19:31:48","2021-11-26 19:31:48","","1","4","1","1"
"1QFiHXOOMoG_awTrmqedyZg-a7MZsBn3hPhPPZC5M5wGfhp1_Cln4BnZJkBo_APV","2021-11-26 19:30:49","2021-11-26 19:31:31","2021-11-26 19:31:31","","1","6","1","1"
"vW14HxvoUdHQboDmehgoC6yNMn5vgMvozyhzhVVNl8Eer6QUhDbwkdDoA4CBkA7u","2021-11-26 19:31:12","2021-11-26 19:31:53","2021-11-26 19:31:53","","1","4","1","1"
"-IzUKJ0KPRv1dPxm9rCKUi0muREDJsOvnwZQUiPleEgycNiQzJXTwjgKsAzyDDz4","2021-11-26 19:31:23","2021-11-26 19:32:16","2021-11-26 19:32:16","","1","3","1","1"
"9fiSRtmZqN972HOTHGXPQUu5bZ33nt2vmbEiHohWdonzEyqz23IA8sF28qR1EAhU","2021-11-26 19:31:26","2021-11-26 19:32:12","2021-11-26 19:32:12","","1","6","1","1"
"hHIAEpAWCUC1y430SULBOJ_jYbF4lvAKPRuBte1M2rEjNg-e3wSDRm-jW-uH9PlX","2021-11-26 19:31:47","2021-11-26 19:32:35","2021-11-26 19:32:35","","1","7","1","1"
"yFz48vpr4YYErMX6zSlcIqg_R9N9jqQDl_Wif9Pdc_iFfvmDGbQaEygCcCNfWJJV","2021-11-26 19:32:10","2021-11-26 19:33:28","2021-11-26 19:33:28","","1","2","1","1"
"K26M8dWiI_rmw8PaxILxEpBr7Uwk4EvqkYMxHcBs7fUsRxqQeLYj7K5JQArtAiEA","2021-11-26 19:32:26","2021-11-26 19:33:55","2021-11-26 19:33:55","","1","5","1","1"
"oKaUGVb5r4l1f41HHpAIDCh2UA6qGwGExAPC-x5vtXJB4Vx6D1WRqy-d66w5Ae3c","2021-11-26 19:34:01","2021-11-26 19:34:45","2021-11-26 19:34:45","","1","1","1","1"
"Arx7UmSrXWQRqQBsM4HBVPhdxWSb4DlXqesG0msYdrhXZud7yTg9XTrTl_vcxKzN","2021-11-26 19:34:07","2021-11-26 19:35:33","2021-11-26 19:35:33","","1","6","1","1"
"r6MInUrdMYLWX4Kbnr0UJYNOjWBLK4pi9ne2bNv59rbxWIzGXlxqEOnwPj71Oi01","2021-11-26 19:34:25","2021-11-26 19:35:49","2021-11-26 19:35:49","","1","7","1","1"
"Sxp_WiqxUjMuEa6eVpJ15wTQEFfuUwLKxq8I3UYWphPjVDSSCRHXblNWnimWKWHV","2021-11-26 19:34:26","2021-11-26 19:35:07","2021-11-26 19:35:07","","1","2","1","1"
"RZsaWx9tSbVZU6R27QIBcjOC-utU2sJQosHZ5ULOz7IpcP-qlqRHT60o4ZfYmK4P","2021-11-26 19:34:28","2021-11-26 19:35:37","2021-11-26 19:35:37","","1","2","1","1"
"VH7ifEGeIpWP0YyEejdascx1AslVtvYDWN2mBVJKZ-YGisgsQSl2zMn4YfTLcm4g","2021-11-26 19:34:40","2021-11-26 19:35:34","2021-11-26 19:35:34","","1","6","1","1"
"_Vd3Tp3Zdcvk_DY4l-DZDMVEgGuE8ChuhcAiGj6luhFWHtp_uC7V8qk0aHSH7mJN","2021-11-26 19:34:51","2021-11-26 19:35:36","2021-11-26 19:35:36","","1","6","1","1"
"w0DEmSjWbKs0eRp5Bi1s-q767BrE-OtdnBi607_J4b3rf_7s3a8p_laXDYnpdjuG","2021-11-26 19:35:08","2021-11-26 19:38:15","2021-11-26 19:38:15","","1","4","1","1"
"FVX0Q4QyidaJSrDcqm3_6AC3LbOj0CIM0kLCSpO0Ecci0osl58K1oRmFMI1mUHXQ","2021-11-26 19:35:13","2021-11-26 19:36:03","2021-11-26 19:36:03","","1","2","1","1"
"OByuW8PuUj-0FaHob8C0-Ot1MtLh6qWuFRbYGDrlWxejUlf0_VQUWTAaHs4TLpV-","2021-11-26 19:35:17","2021-11-26 19:38:01","2021-11-26 19:38:01","","1","4","1","1"
"JMf5lg-eokEu1nW50qpmcmDiVtcaGcEihT9QrDDPpow25XTIpi6NDqwaDR8icYdc","2021-11-26 19:35:17","2021-11-26 19:38:11","2021-11-26 19:38:11","","1","4","1","1"
"zUeoEcWGljaNe2vQYZvhxo0J7kBXxk8M9iShUWjlwaqD_KPcadkhAaTn2Nm-KCkZ","2021-11-26 19:35:20","2021-11-26 19:36:32","2021-11-26 19:36:32","","1","2","1","1"
"E-hMx6foZxuz_2_ZDfDvznOZ27Jwpjsp6yWbBg6LXqGBAT7MXL07D9Djo53qSSkP","2021-11-26 19:35:21","2021-11-26 19:39:33","2021-11-26 19:39:33","","1","7","1","1"
"crZ_ltCw1k1T3l9W3t9BCaLX3Hq5jB6zYmzeY7X__GXR7qJAg6eyK7gitCV88gct","2021-11-26 19:35:22","2021-11-26 19:36:47","2021-11-26 19:36:47","","1","5","1","1"
"NnqnXc1jLS5z0pSm1Ae7QBC19Z_B4IcjR8pmjLHyYuwU4_Mn_D-p-uLk9oYSskBI","2021-11-26 19:35:24","2021-11-26 19:37:26","2021-11-26 19:37:26","","1","5","1","1"
"qsAzDv1PlkmKkTLl-BUlZkNwgCGkTJMTxZF3AHHGllFopn7e3YFm_Q2ZYXNGJaKR","2021-11-26 19:35:30","2021-11-26 19:39:34","2021-11-26 19:39:34","","1","2","1","1"
"KXaBr3L1sYx7jdGdF3mhGcpC0_413NBRAeeP6zhHWV5oGYGWqsPO_VMpUAmECtkd","2021-11-26 19:35:30","2021-11-26 19:36:54","2021-11-26 19:36:54","","1","5","1","1"
"Oz0oo7cJ69omh1DkzOY_wdaKZaCQO_2hJB7Tkn-lcS40O_pYwx-j5fFAjpkZEx9Y","2021-11-26 19:35:33","2021-11-26 19:37:34","2021-11-26 19:37:34","","1","7","1","1"
"88c4JCzJ1rklsTd-HslwsYOUXPF1XqwkRTL8KOQ1gFrZ7JgyYUhrCogoGKGu6AaL","2021-11-26 19:35:35","2021-11-26 19:42:10","2021-11-26 19:42:10","","1","6","1","1"
"xv2m2LiNe1MaX3M54J7NS-pIbXsJ-8F4LUfmjTnsHCVWKEvGgvKkxQRvkfRTR187","2021-11-26 19:35:40","2021-11-26 19:37:00","2021-11-26 19:37:00","","1","7","1","1"
"ohSUQEIVFoAlpt6P0PlxN0HC7c_X4HfFwwslPVbv2M1BKpQfmBI9zBZh58QPwozO","2021-11-26 19:36:01","2021-11-26 19:37:48","2021-11-26 19:37:48","","1","2","1","1"
"F-m_GWNBwXt5f8GYLYq-gpgVSH1FP7Pg8KvTWJAwW7RFs0z6VJzBYmz9-9TtUdf4","2021-11-26 19:36:15","2021-11-26 19:36:52","2021-11-26 19:36:52","","1","2","1","1"
"l7wtElmYyERGUNFmGvJv6IqfBaYetF_dIVuH3dLzC00rRhAZih_dynTwU86Up2sE","2021-11-26 19:36:20","2021-11-26 19:37:35","2021-11-26 19:37:35","","1","5","1","1"
"uP9VcBXX_8VpAE9Tjg77ssirFrCsKgXFUv_kjNu7qq9L9_oNDgX5-s_39A7HWESF","2021-11-26 19:36:58","2021-11-26 19:39:01","2021-11-26 19:39:01","","1","7","1","1"
"qLdUb-aqgyZfVNMABz_z4XS6jwpV4ie80fqecxZ6t-Cv_WKisG7avdDP7t3Zeq04","2021-11-26 19:37:12","2021-11-26 19:38:54","2021-11-26 19:38:54","","1","3","1","1"
"QkGBkgTkNSnXtgMDn5Tyydi8-EH-pooPEebg2RVBDWuIOjVpa1cuV3kzXPMgDanQ","2021-11-26 19:37:15","2021-11-26 19:39:40","2021-11-26 19:39:40","","1","1","1","1"
"rA0QKVuIRHWN-ykH5gh1o8QDHKxvZ1Su-hKOIPcPcJuO0e4Zbi2kqJsJFmJp19n7","2021-11-26 19:37:17","2021-11-26 19:40:15","2021-11-26 19:40:15","","1","3","1","1"
"4q59gTrpku7hUk9OQA_tI865-AO_YPYHQHYJDEdgy4WJVqaOn4L-uU90NGTBwENC","2021-11-26 19:37:22","2021-11-26 19:38:07","2021-11-26 19:38:07","","1","2","1","1"
"GC-KahWQ4uZTHeMvM6SXUo9cnd2sdtUQHHzwHxLvTTNXYtIVLe1kpueRtX9aahyz","2021-11-26 19:37:23","2021-11-26 19:38:30","2021-11-26 19:38:30","","1","4","1","1"
"_OEGVXZpNrQ3mo9EKASRajPYaTQeSJOaJtz3lfdDeNCz8TF7HSrrFhkVq7k8KDO5","2021-11-26 19:37:35","2021-11-26 19:38:36","2021-11-26 19:38:36","","1","3","1","1"
"ae7Ymgrpx2WMivcOECVa9xpYWcdORITmsuutYxD4-EclQdzbc56erI5pP2lUHwd2","2021-11-26 19:37:56","2021-11-26 19:39:37","2021-11-26 19:39:37","","1","6","1","1"
"yFGrnbv5jJ6zRvrUmZf7njlcQeVCWCJafTvRJdmkEM1brzm8-efYx9EQxO-eLrTQ","2021-11-26 19:37:58","2021-11-26 19:38:44","2021-11-26 19:38:44","","1","2","1","1"
"fKxpCveDOi1KqKV2PZrMr-ZbBmWGnmyMCdFOUdSlN2kOZmZZHP6tq0Ot7QQl7OnI","2021-11-26 19:38:00","2021-11-26 19:38:57","2021-11-26 19:38:57","","1","4","1","1"
"11kJrXMs73N6VEbCAarPrMMVJ7TnB_pv4jD2fpUvofggKAUep6DDroXeqFPtFy1R","2021-11-26 19:38:02","2021-11-26 19:39:01","2021-11-26 19:39:01","","1","6","1","1"
"WCUtKQNQ_a4syxPH89sd5jnPxWf1Bo4vh7VFvl67O7kbgCaqMLBn1LU0WwguOyP2","2021-11-26 19:38:08","2021-11-26 19:39:54","2021-11-26 19:39:54","","1","5","1","1"
"aiAXI-_2YIk4te43KyBbjJYpMlf8n7X4Q6Xw_wcjMg4eGcu1icBylndLqBLM-cJz","2021-11-26 19:38:12","2021-11-26 19:38:41","2021-11-26 19:38:41","","1","5","1","1"
"RlpGRQPLCgFPQp89T7Dfz_1MRYqhNVorzF4Iz8AFMh1r32q58C4RqnhDNVFi8ZeD","2021-11-26 19:38:18","2021-11-26 19:39:33","2021-11-26 19:39:33","","1","3","1","1"
"bdxhLNgDJ22efAIYS28i3GFEvKXhuZ8nWrkswCoGLjtCv6TLx9Knh-qjZz6IeU2C","2021-11-26 19:38:23","2021-11-26 19:39:52","","","","","",""
"uFUqmqVIDxEm8XQfpa-nWCr4xM4Nhxdrj7f7utFCI4pd9IKBg6L_G1ETb6FEQ4t8","2021-11-26 19:38:29","2021-11-26 19:40:52","2021-11-26 19:40:52","","1","4","1","1"
"6c-0UpJ6lzpQvVCpdILMlSrykV3DPSkT8GKv3znNDbV1-ZC-3hukcAON3kgLDMG3","2021-11-26 19:38:31","2021-11-26 19:39:40","2021-11-26 19:39:41","","1","4","1","1"
"XxQdKB7YXds60zorT81BeooOKe6oqdjqyHXums2b13PPCKWuWmP-sd8pTUpZKDSt","2021-11-26 19:38:35","2021-11-26 19:39:12","2021-11-26 19:39:12","","1","3","1","1"
"0NRX7Ls7c4u8toSWi0ivOvbzFW77zYI0yvoZvhUrT7C6JP_ChiwhE6xzkwUBq7rV","2021-11-26 19:38:43","2021-11-26 19:40:03","2021-11-26 19:40:03","","1","2","1","1"
"iaodhTsqYnU0ldZg3RMunHvIw6kJbuu50njinTtyxYERbTYxdohIUHk1DLP7nYg6","2021-11-26 19:38:45","2021-11-26 19:40:04","2021-11-26 19:40:04","","1","6","1","1"
"srnK6IYBFnExoVR8hhAgxFtUCGRhIvnCkoLw6HFqaknlBOizUEhFSXJDGEdDk-_l","2021-11-26 19:38:50","2021-11-26 19:39:30","2021-11-26 19:39:30","","1","2","1","1"
"WzTrbrlUf-RuDIKXSqp9ew_uCOzhlCmCsfXCkM-HyPGNJ0e3G3X8zDtOIEJb4-e8","2021-11-26 19:39:13","2021-11-26 19:42:14","2021-11-26 19:42:14","","1","2","1","1"
"JbnLbnuJQRNNGK0UHZxOwRJdofhqPoqoQ0qbXPIIQhyLy-Ew1Y8sI1yR8mbNToOJ","2021-11-26 19:39:36","2021-11-26 19:41:43","2021-11-26 19:41:43","","1","6","1","1"
"_xS5X77rwHa61EiIUVVAHGpjfeu2_9wfc9tWK388SBgAsClq-URhabfpeHqKoM8T","2021-11-26 19:39:39","2021-11-26 19:41:17","2021-11-26 19:41:17","","1","5","1","1"
"DtzEnR9sTI2K5xOF5YvijczQqergNqMhNFVuwAq5aWiPnN3Hi8mErz0td1F4olaR","2021-11-26 19:39:40","2021-11-26 19:41:02","2021-11-26 19:41:02","","1","6","1","1"
"X9PxyaPZ9vOLX8h7KO1mcXtOmOKhNCBxO3YxJXiL1X1COrz6bbc6s3Tho8s2gR4E","2021-11-26 19:39:50","2021-11-26 19:41:25","2021-11-26 19:41:25","","1","2","1","1"
"-gPCFlHQ-rbT3XJ53YnKkFG5O9uRWicwKfmn5rf0V6E4DhKBtDFFoJZ3jrfEAOC3","2021-11-26 19:39:58","2021-11-26 19:41:09","2021-11-26 19:41:09","","1","5","1","1"
"WFRz42RXgcjBq7sF-L076eP5sHWsRDoqbQbDca5RFgFqVRErvJg0ygkau0CE1HVW","2021-11-26 19:39:58","2021-11-26 19:41:13","2021-11-26 19:41:14","","1","4","1","1"
"J5BhQu-2HK3KS1rTOrHbuUzDS6SZY_od1ssIlAwDbTk9M-xx6cbkNKvz80GNCYuc","2021-11-26 19:40:30","2021-11-26 19:41:37","2021-11-26 19:41:37","","1","1","1","1"
"59t4ykQxKe1ftcRJWxisMKF5m8gfx53ZBvZ8s1A27wLT3nRzfyW5Iil93RQktDnb","2021-11-26 19:40:34","2021-11-26 19:40:34","","","","","",""
"P32x7j0H_lsjKbTQKc4FYwsII19hlYOtQs94AfBHetwquSlyV2QA_av5SJlj3ARO","2021-11-26 19:40:38","2021-11-26 19:41:42","2021-11-26 19:41:42","","1","4","1","1"
"ZH51pwltz5GMNneRpkGDJaEQJk0CWmqIWed-QA5uILyaFsbrcaBxr7bxwwZwVJq4","2021-11-26 19:40:50","2021-11-26 19:42:35","2021-11-26 19:42:35","","1","3","1","1"
"EN-a4R59WDz-6bAEho3PkVNJ2LWp0x8YECNx0v1WW_CFGD3UuB9aynA4x_q1mKvl","2021-11-26 19:40:59","2021-11-26 19:43:47","2021-11-26 19:43:47","","1","4","1","1"
"dMHl1UtjkOo5S2Cr_wwuJbtnh1PF_5np6SSDSsFEkZ7UKwuD_Z2U0NOlKRYAljSF","2021-11-26 19:41:10","2021-11-26 19:45:10","2021-11-26 19:45:10","","1","2","1","1"
"vlvS6GVsdiDb3_u1LVZx9NK69r3_m_1bvTmVeeVWqhgs1U7OMLAJGMKb4Jq3DmGf","2021-11-26 19:41:15","2021-11-26 19:42:15","2021-11-26 19:42:15","","1","4","1","1"
"mO8ev5UK96r3NkPsupWAx5SS7Z4A9akT8cEsjqJ9ONrH1tRh-vbpL_ei6-3z1aep","2021-11-26 19:42:24","2021-11-26 19:44:36","2021-11-26 19:44:36","","1","7","1","1"
"aCJpwwehoVVkNtreMjY-hSFgobXdADhhy2k20iut6AQWrl3mttpPa-OPIBkF_36e","2021-11-26 19:42:43","2021-11-26 19:43:30","2021-11-26 19:43:30","","1","4","1","1"
"TBbeJ6jq_5lVrM5xAOgNq-CLHYoUJmeIrnzz_g-b4PA6HukIMLxXHQ2cCJgbpa5w","2021-11-26 19:42:44","2021-11-26 19:44:32","2021-11-26 19:44:32","","1","2","1","1"
"R_iBS5uVNHHDnb9VFIO44o1L3yivUw2Z4sGusnk5bdhiccOuV3u99vT3c92q-yct","2021-11-26 19:42:45","2021-11-26 19:44:17","2021-11-26 19:44:17","","1","2","1","1"
"fHkzEyvtVDTviuYFI2Zfgz-JySm-Z9BLYGu5nhQWO3z-MPqvJKsB0JOTVrxY_Evx","2021-11-26 19:43:30","2021-11-26 19:44:12","2021-11-26 19:44:12","","1","2","1","1"
"_htGin2jUrkbfw2uh22fVNpSPcMbJzamVWxXPSbPsgoyRWkt33TNTNtCiuwskZ_e","2021-11-26 19:43:31","2021-11-26 19:44:21","2021-11-26 19:44:21","","1","6","1","1"
"upj1O5IdKq2avaS49X3MjYS2z4AirdkwE93FRSDKdlbWTVFmFgJunKYU2As1BnBG","2021-11-26 19:44:08","2021-11-26 19:44:33","2021-11-26 19:44:33","","1","3","1","1"
"FpKMtY1KNDG7YSHdvyHfNgZ2JdvA4wldB5WON1WpMUoymE270j-pDvHlFA4V6iIn","2021-11-26 19:44:48","2021-11-26 19:45:31","2021-11-26 19:45:32","","1","5","1","1"
"gN3-TNSbZtZVpHLJGbEmuEomUNuswDxTfSJ3HT3iIwZQPvmR79C3VL85t33xMnic","2021-11-26 19:46:54","2021-11-26 19:48:19","2021-11-26 19:48:19","","1","4","1","1"
"rBfweLnzIf3NcWsGqFyQmuv4qZnizwuN6T396N0U_OFrSBx4oMByDrfDjjIGMq-I","2021-11-26 19:46:58","","","","","","",""
"-Intb1O-fQ7aOw2aYaHUefDaLZ10tWgI22W2Fo3iN5yEbA6xaTZ52tHqplc_GSX8","2021-11-26 19:47:12","2021-11-26 19:47:31","2021-11-26 19:47:31","","1","4","1","1"
"bipIG1wthDuTrFKiHosv4kX4fTJNTUuep-gXbgWVNRtih0xSTpC4kQBj5c_SILaY","2021-11-26 19:47:35","2021-11-26 19:48:29","2021-11-26 19:48:29","","1","5","1","1"
"UNyAIp0HGKb9hSg711MHXwDC-oPnI3BLW4aRAKWZzsXJXX3Ml3TaExTBL6tEj-uv","2021-11-26 19:48:06","2021-11-26 19:48:28","2021-11-26 19:48:28","","1","4","1","1"
"lUQ2qP8zB__JjR8WTebuEhUMNxdFXsekN1c3MDNwJ6nVwhBb-M59KeD-wogIsFLL","2021-11-26 19:51:22","2021-11-26 19:51:50","2021-11-26 19:51:51","","1","4","1","1"
"Bo-8AUZmIISCMon4Vac70Cavfb5W4APv3G1OcmAqnYabxCYLtRcQjqf3dfi_uOyj","2021-11-26 19:52:55","2021-11-26 19:53:38","2021-11-26 19:53:38","","1","3","1","1"
"KGJoasl6VtBqthJgzGZ51uwp6cVl4LUpxpTlnD18eO_Sn1-Nskkj_oAq8k2u35-8","2021-11-26 19:53:33","2021-11-26 19:53:49","2021-11-26 19:53:49","","1","7","1","1"
"VGCYCnQYqhuh7DimjSSXDZXrtnToUNNQXToJ-Kz8fQ9-mkrydJT8sB7nRHkmxyFm","2021-11-26 19:55:10","2021-11-26 19:55:49","2021-11-26 19:55:49","","1","6","1","1"
"o3oRskVnN1BQxq-QrjM4_d7FJlurAsflw4ucHPPjU-i46UO2BjZskitJ3s0tZOrC","2021-11-26 19:55:48","2021-11-26 19:56:10","2021-11-26 19:56:10","","1","3","1","1"
"dhlNF_qKSuQ_hYPE8eNZeG2es3CyInyK0Luv3uyXzPDjPnRY56BHcDRY0EX_NVit","2021-11-26 19:55:49","2021-11-26 19:56:07","2021-11-26 19:56:07","","1","4","1","1"
"HmMTULg7Fb2auX6fn5AfuTZMkJLEljjQmPhtuc8uLgXoIdK1_gpmapVLadelUOr4","2021-11-26 19:56:18","2021-11-26 19:56:32","2021-11-26 19:56:33","","1","4","1","1"
"GPsNiLyJYyNsUUwqe72rl1fpYjoFamn5WLKo5qSQPcut5zEbduVaZFNjQKm2a10a","2021-11-26 19:56:22","2021-11-26 19:56:51","2021-11-26 19:56:51","","1","4","1","1"
"PQ-GXLmNgS--ZvOUafHs9jQF1cJ5Qm7Jj7B8T24Mv4BZ4DPfVic-mgZySUdfy8FI","2021-11-26 19:56:23","2021-11-26 19:57:03","2021-11-26 19:57:03","","1","5","1","1"
"ZzdY_ns6-cM6fjjkxirln3A3SHN8ECYmmYvf9iHlBmXQ2ISIaYG905Um_uAE7_N6","2021-11-26 19:57:57","2021-11-26 19:58:19","2021-11-26 19:58:19","","1","5","1","1"
"--pEXe60KnIh64X-ajSwruzfwKbHFIp4Rd2_ZUca-yc4yo-2LzfRu9xpUxEEEQXB","2021-11-26 19:57:58","2021-11-26 19:58:32","2021-11-26 19:58:32","","1","3","1","1"
"IM8afK86bO1fjOQZjgSUFAoYf3SyvM3woYKne1KQuBmhzjTrrFyOJkacdwJy73oT","2021-11-26 19:58:58","2021-11-26 19:59:58","2021-11-26 19:59:58","","1","6","1","1"
"xlTH_Dtx24aJZGSonQBsO6H4APw277bb8dHrHqOE2jjCNF76syHz2TrfBZQY4L88","2021-11-26 20:00:16","2021-11-26 20:00:43","2021-11-26 20:00:43","","1","6","1","1"
"kET6zKWy6g7tVF-DEgwVuVrnq1WuG-RfALnWsrfDlBzjRuiQPd93YfLE9tzVfLuW","2021-11-26 20:00:19","2021-11-26 20:00:52","2021-11-26 20:00:52","","1","5","1","1"
"9XosWZ43phb7_Jf7Y_VPKo9yH0xTwDbQd79QT3WD9Z-9o67-vf-qTdFRPnHMRAGe","2021-11-26 20:00:20","2021-11-26 20:01:45","2021-11-26 20:01:45","","1","1","1","1"
"gH8peHXNNr2thXhrzTo3MiIL0895xG6_2RBbWmeUuXYkD9xW0zjzPBLizi-dtC4R","2021-11-26 20:00:29","2021-11-26 20:01:13","2021-11-26 20:01:13","","1","2","1","1"
"-vQAtkPx-GpjJ-hRP1JMOhu64dRRqqCTTBevAhooOrS6lkmSBihq57v90RpEU8Wq","2021-11-26 20:00:31","2021-11-26 20:00:59","2021-11-26 20:00:59","","1","4","1","1"
"jll_hY8M4MrnLH2FUOmeo4EwktEtzqXO_xpo8TaBXVCPFOJKDYF_W6pg_GloZpo0","2021-11-26 20:00:52","2021-11-26 20:01:35","2021-11-26 20:01:35","","1","2","1","1"
"3LPtwvhJcHOdNTJ4dbyQptyivn5PWZlS5qvI7B2Ewa0wi_vNyAxRfqE55veqPsWj","2021-11-26 20:00:55","","","","","","",""
"5V6PS8JojaJVRvnBKPn3OsdyPJJLNOzLY_U5oe36cycaoxGXzTHJi8w8cLJcbG3x","2021-11-26 20:00:59","2021-11-26 20:01:18","2021-11-26 20:01:18","","1","5","1","1"
"JvzxlUd81aJ7XNuBpZ9jABZelslfcMbvumNE7kZ9GlAifo2UENAjRGKGP0Z_doS5","2021-11-26 20:01:22","2021-11-26 20:01:36","2021-11-26 20:01:36","","1","6","1","1"
"N-i1PjFI0OIQ_CYwHRZnl-FFhzEXbouG9fGPrJEiOBMTeaGIuHsa3jrVMk7uEbXd","2021-11-26 20:01:30","2021-11-26 20:01:54","2021-11-26 20:01:54","","1","4","1","1"
"tz9XYUK-LqNeLeS4Mvx5SVxD8yhp777DdP_guf8yb_cKaVHryusc8cfVr47SfS7N","2021-11-26 20:01:57","2021-11-26 20:02:23","2021-11-26 20:02:23","","1","5","1","1"
"chAig5oq26WLmuTp9NSLQApAFMM_k8IpaijhuVriL-ahbezAme_80TOswLFJqo_t","2021-11-26 20:02:41","2021-11-26 20:03:29","2021-11-26 20:03:29","","1","6","1","1"
"Nawz9DYdR12mJVupARAhFS6v3ncgYqLXMNnH543LBP_yf6hEbkYuK2dPneB9Y9Gc","2021-11-26 20:02:57","2021-11-26 20:03:36","2021-11-26 20:03:37","","1","3","1","1"
"yGJB2hFGgGPuFJcuoyRaRvzJ0-8dt8JFMmO6n_1jpU2CUCH353AMTT2xyBGfkiEF","2021-11-26 20:03:00","2021-11-26 20:03:28","2021-11-26 20:03:28","","1","7","1","1"
"Yw0No5ZXp8q-TdcjLhil5VGIlptDZdZb7dxqVPDCBox5_KzvoZh7KAXQ6b2PI6eH","2021-11-26 20:03:05","2021-11-26 20:03:29","2021-11-26 20:03:29","","1","4","1","1"
"3uBl2uahi7zHi0HS2a9i09BqDbJKCmy-cDZdEg6WoDET71aYckJgbZtqWLZsYmn_","2021-11-26 20:03:28","2021-11-26 20:03:48","2021-11-26 20:03:48","","1","6","1","1"
"-uzdI9AWVmVZDgWgMhF2svLLthjTJaSpqaC6FrSyk_zHurYFfOt9QpDxaEy2aclN","2021-11-26 20:03:53","2021-11-26 20:08:03","2021-11-26 20:08:03","","1","1","1","1"
"P8cxuoWle0qL0qDjKLlwQpWaWfCKrqS9rnAOdsFRBRaqYq9SlXTFwd4GRnyO6J3x","2021-11-26 20:04:01","2021-11-26 20:04:19","2021-11-26 20:04:19","","1","7","1","1"
"pVnWQ1lwKQHRn9Aod48df3TRnSo3AtyZW-ot9ABoHgKJzxVcZIqq8T1s_gq2_tUZ","2021-11-26 20:04:23","2021-11-26 20:05:03","2021-11-26 20:05:03","","1","6","1","1"
"wlcNYsk6eJ3muCL-_40uNMSOQiwr-RqmN59dZZBJELwVytXHJJCofWjyyn061JlP","2021-11-26 20:04:34","2021-11-26 20:05:13","2021-11-26 20:05:13","","1","2","1","1"
"Az6R_JZP-7fqndsRWKzHo9tHfNQnWxLMtaY0aFr2T2s3I1V8yYKaBRDPROB_MFrX","2021-11-26 20:04:40","2021-11-26 20:05:04","2021-11-26 20:05:04","","1","4","1","1"
"rNb1lpdjsKt6SOdssjjhU-XDeuJfqG4RNUhuyA_-8qepjQ7RjVOGj6bP7NoRNN8i","2021-11-26 20:04:43","2021-11-26 20:05:01","2021-11-26 20:05:01","","1","5","1","1"
"8PehdHydQPXbGahOK9-nPbVB4UUkvM00OQg2apdqQcDplhtjGrK7uaSq2h71WvFo","2021-11-26 20:04:45","2021-11-26 20:05:15","2021-11-26 20:05:15","","1","4","1","1"
"Iq_xoqWPB8I46aWgszrpRpPKkx6AJEwdmV8AsGnYhqCD_WxeDV9OKn0axE7bsHxA","2021-11-26 20:04:46","2021-11-26 20:06:07","2021-11-26 20:06:07","","1","3","1","1"
"qg9iND4kV9WlWsf4VEbLkBYXPdOQ0raR52lajbUyB5-BnvzpzJ6gSVlsv_396wHG","2021-11-26 20:05:15","2021-11-26 20:05:46","2021-11-26 20:05:46","","1","3","1","1"
"03S9UgPmuhI0dos54-yDT8oPj5kEDsBG3C4xQzXtr-G2GlOV64O7bAUs3G9unTqc","2021-11-26 20:05:30","2021-11-26 20:05:53","2021-11-26 20:05:53","","1","6","1","1"
"tHC5Ydnj-3owCk9iH1iNKp9EChJJqnMjUyyJQkiIbBsQdXH35SmdlsvKUsm0F-RO","2021-11-26 20:05:36","2021-11-26 20:06:33","2021-11-26 20:06:33","","1","1","1","1"
"MVR-sP5oLkFE4riXhbyxoPunj8oJwulvuMUAaZkneuhM57qwbMkvCHFNfsobRAqm","2021-11-26 20:05:48","2021-11-26 20:06:16","2021-11-26 20:06:16","","1","2","1","1"
"LnfmQvl7D7VKWQubJvvt8mvRyQIUm0EcLTlPP9CKUPItV4Rz0spr-IL3ujJqpj5z","2021-11-26 20:06:00","2021-11-26 20:07:21","2021-11-26 20:07:21","","1","2","1","1"
"AQMutcFEfLcm8Sj0TxOMFmap2ZAojGAWkkj5ucn6JcalVgTTAmjn4kEgga4ynz3U","2021-11-26 20:06:29","2021-11-26 20:06:44","2021-11-26 20:06:45","","1","4","1","1"
"WE-vE4Fq58_zl3HUmtcgFoeOvKmeysO-b25B0xc80vDUa4RxFSpSjPmEQn6d3j4t","2021-11-26 20:06:33","2021-11-26 20:07:29","2021-11-26 20:07:29","","1","4","1","1"
"sKHTQc6I8FSRUJ7EG4GY8HEC16smm-xVqwal3kaHout_OrOeBAVjnxW-8V_2sWcK","2021-11-26 20:06:41","2021-11-26 20:08:13","2021-11-26 20:08:13","","1","6","1","1"
"lQjLyuYzh5-0HndiM8aSjDJBzKNQNrziTuRs8YdO7pnn1xcCXKpq562eNuRKW6tF","2021-11-26 20:06:56","2021-11-26 20:07:49","2021-11-26 20:07:49","","1","4","1","1"
"taXpz3AxqqsApqk9QF3ByRC9hBSAWizQF7YFQorABhbcxIDaMEk0Xgwq9c09CtAC","2021-11-26 20:06:57","","","","","","",""
"GkKnU1p8j4iR_ScfnzTNl1zC5E6La1zO8yRh4zcE0YqbyyhhSKgaBRj2vF49MBOz","2021-11-26 20:07:11","2021-11-26 20:23:30","2021-11-26 20:23:30","","1","2","1","1"
"_O6X0uOV9fa5HfNoraPCdW9KP0DTSMFnglM5zGvTWdsJmGUFaJnLVmSEPy0tefcp","2021-11-26 20:07:22","2021-11-26 20:07:47","2021-11-26 20:07:47","","1","3","1","1"
"HA2OPHmDBUbX8RH_4WHCKzay5sg0nPkeQTqb6p07aZmziaDm8ACqvUeFTmvIVV22","2021-11-26 20:07:25","2021-11-26 20:08:07","2021-11-26 20:08:07","","1","3","1","1"
"oehs48u6o4yb8mlJtPIOGNBO0nNqHuYnIt6Nv4BQUdABENh_Fqc0s_JKwYi6TeR_","2021-11-26 20:07:31","2021-11-26 20:08:00","2021-11-26 20:08:00","","1","5","1","1"
"0EH6_Yhvp9ZONw-ZQw09yZafX9lLc8NyF7jxk33apOf5itxFYzNxl85zk2H4BFbB","2021-11-26 20:07:44","2021-11-26 20:08:14","2021-11-26 20:08:14","","1","2","1","1"
"CoIhgl56GcbKiZMjEbblCtbMtCqvV94ovMneMrZekiSUMZw_wHzztVHaqSA6Bjv3","2021-11-26 20:07:46","2021-11-26 20:08:05","2021-11-26 20:08:05","","1","2","1","1"
"6os_XLUGZmcLSIVCmfj4YGDHWCy_DSPPX1O-WsLh-Iv2M1wm_02liScniIAzrCgD","2021-11-26 20:07:57","2021-11-26 20:08:19","2021-11-26 20:08:19","","1","3","1","1"
"DsQT3ZjJb17jnvP_erPYo7F5ruXyVKEe2j4sQBu0C6SdFTKCKvPll4YF2oz5PGZH","2021-11-26 20:07:58","2021-11-26 20:08:31","2021-11-26 20:08:31","","1","2","1","1"
"x33KWUDfn05ZTe0QUe3npInb2yHgG9dlN1BjP_yCykyqCD7u4d8MxwREmRdc2F4E","2021-11-26 20:08:05","2021-11-26 20:08:53","2021-11-26 20:08:53","","1","2","1","1"
"JUBlCAdrOk_2vfUYUSGk7F1n05PolHVT5afp6NSHnAMJuNmRSZpywp-d8DSn5qJr","2021-11-26 20:08:16","2021-11-26 20:08:53","2021-11-26 20:08:53","","1","3","1","1"
"xAKWvLYVSpyEhPKVi5MzKOx_90quPajzozrCozezjyolRb3E9xRryHTz0bFbiVZO","2021-11-26 20:08:19","2021-11-26 20:08:54","2021-11-26 20:08:54","","1","4","1","1"
"eFQcVk461Tg3AjE6thcHrZIJUjnT73VscrGI4293YlNY2Zu2KnbPPP6wjZC5MpYQ","2021-11-26 20:08:19","2021-11-26 20:08:43","2021-11-26 20:08:43","","1","4","1","1"
"noDZJK9IvoSwIG5pdJa3WqiNcLL9fFGblUYdtd8jhM1We8_HrRFhuiLsbY7r28UR","2021-11-26 20:08:53","2021-11-26 20:09:29","2021-11-26 20:09:29","","1","3","1","1"
"HQPqjTq-kjMcPyKZlMEOprh4Bi1n23OUSyzx0oJP_0vKQ1_CFunrT4wEW0BZ6HiJ","2021-11-26 20:09:15","2021-11-26 20:09:33","2021-11-26 20:09:33","","1","3","1","1"
"pQFk8bjwj3e8CNqCKD7xMol3qpgwy03SDiCeIik1LzTciN2u3N3an5ChPQQfcqsu","2021-11-26 20:09:23","2021-11-26 20:09:41","2021-11-26 20:09:41","","1","2","1","1"
"-Aj_YSTCYMJF2jUH6pgCnE7rT1sV9c6gNEXby908QLRxCgsxmvSV1qNs6rHhD_-L","2021-11-26 20:09:29","2021-11-26 20:09:47","2021-11-26 20:09:47","","1","4","1","1"
"1d-9WPHhkWeRGlSj-XZQXqOqjnsmK8Jc4RwPytUusyqz83DOVA0WBcjWyhtnIdIm","2021-11-26 20:09:35","2021-11-26 20:10:00","2021-11-26 20:10:00","","1","4","1","1"
"xESBUljZGdLOCWPD4OzIDRs7pIFynX7jSuo4VQi-AEJmcnsV4oyoxGJkdMoaer2i","2021-11-26 20:09:43","2021-11-26 20:09:59","2021-11-26 20:09:59","","1","4","1","1"
"LBcnUTYGxD61k343Cx52Hw3NhuGuCP0fAfDHX_xBI-C7Fq6qXkx5pfxI2EU5as4f","2021-11-26 20:09:54","2021-11-26 20:11:02","2021-11-26 20:11:02","","1","2","1","1"
"lRzSFGcKfHViabcIVO_yCkxdLwtYVsnZ3zYyLx8JbvCqF1rvrW_nWGBNViqQJaod","2021-11-26 20:09:55","","","","","","",""
"m_qnXyoZAnJEoXDrZYZyXcjYAb43Na3CFM9jAADtnJupEHPVECrJgxzQDCajfZlF","2021-11-26 20:09:56","","","","","","",""
"N03xwsn5t_sYM4XLkYON70Wtb4eW3PweWBHvDL1F6lMcQrasOnVGe-VOLHDplB6u","2021-11-26 20:10:37","2021-11-26 20:11:38","2021-11-26 20:11:38","","1","4","1","1"
"tfq0GGgOxMDh97k13HzxJpEsGmw2kel3oGnuQL3y2xGLp8xqgFF00Z6GDLuTkUDX","2021-11-26 20:11:11","2021-11-26 20:11:57","2021-11-26 20:11:57","","1","4","1","1"
"5CC0pKHMsELg9ERhx6kV0zfItXb3WA97c9sHW5hZV7ZhVizG5PkXc5I_pnbSYdQb","2021-11-26 20:11:27","2021-11-26 20:12:33","2021-11-26 20:12:33","","1","4","1","1"
"3nCVdfT2CfyEc4f6__g3fmdZc24bsBChUCk8LaaIHqAU76jBIMg1zbGWqC-mrYbO","2021-11-26 20:11:39","2021-11-26 20:12:46","2021-11-26 20:12:46","","1","3","1","1"
"62wMqaraa4HoinP-Am2qy2PxGURoR-mPQzg66k2KTwCGPnqMYrRQN5qtniQiVQ0D","2021-11-26 20:12:39","2021-11-26 20:13:17","2021-11-26 20:13:17","","1","4","1","1"
"5Dju8AFJ1bhTKBDaFmBL5Y9AbBl7cWOWyTzEVGohz8iphroJtU4JTlfBIDGNDHbr","2021-11-26 20:12:45","2021-11-26 20:13:05","2021-11-26 20:13:05","","1","6","1","1"
"JZtIWEzlU9qg929tYjnSWiA_vgYXsNOOyE8aPE_fZFFGBLNPrKbSLrB_QhUMAlH2","2021-11-26 20:12:50","2021-11-26 20:13:13","2021-11-26 20:13:13","","1","2","1","1"
"rQpdQc8pT4l_BTWo59m6NGSuY0udfdy4MNPJu6_OLnTb1sykzaw7mlkkrR5DXq71","2021-11-26 20:12:58","2021-11-26 20:13:58","2021-11-26 20:13:58","","1","3","1","1"
"m574Ig3-A9-zvEJqYLEz5mpXrH0RvylfeCivWhp3Ij0Dzp4Dw-Z5btoTXJ01ELHg","2021-11-26 20:13:10","2021-11-26 20:13:37","2021-11-26 20:13:37","","1","3","1","1"
"qhzzRm7iT02cvWEDWnAWz0xiD5lVFajXvYmzkkpnlmFw8WjS2QAskF59qGqi25Uz","2021-11-26 20:13:17","2021-11-26 20:13:47","2021-11-26 20:13:47","","1","5","1","1"
"T-JPOl2BzeGU1TOYxjD7aM3xw_qWMrPtNcp9hme_yakq8jn_SiSY5SDR8Ga3YcPE","2021-11-26 20:13:29","2021-11-26 20:15:00","2021-11-26 20:15:00","","1","2","1","1"
"3843kMYdYWhS04pbKCWLYFewN0QCOqvG4hCBvntSD7V3yhtCFjHM8vxWDFm7MNhE","2021-11-26 20:13:47","2021-11-26 20:14:52","2021-11-26 20:14:52","","1","4","1","1"
"FH1wEQnFOiwL7E1WrCW9xsE7g3lgHs_6TQXcR6Hm4HD7vP6C80MnYZIwhCuOhgJD","2021-11-26 20:13:54","2021-11-26 20:14:34","2021-11-26 20:14:34","","1","2","1","1"
"JMwULcr_sXKosvOXX9E42FXtmGY3YMKN7SFGutEdB2mzM9e02eLulAwK0fmb7lZY","2021-11-26 20:14:00","2021-11-26 20:15:35","2021-11-26 20:15:35","","1","1","1","1"
"MbeWxPbY4BMsWkmR0METDiPzW-Bf02445MfDQw7ljGkg23wD7c2Ssth1l19xYwAO","2021-11-26 20:14:09","2021-11-26 20:14:52","2021-11-26 20:14:52","","1","2","1","1"
"XSyEKXC0l34LAFJIZg6X9LN8Poh8v1rHZs7oF4GSYmiGihiQVuWIhxxecHT2YcSa","2021-11-26 20:14:37","2021-11-26 20:15:25","2021-11-26 20:15:25","","1","1","1","1"
"_hvgKXnD9XoOzNUGSV9RI5e9pkDTiScdSQzAFKdjGToaPBOvY5U0DYx95eFV9IAJ","2021-11-26 20:14:43","2021-11-26 20:15:01","2021-11-26 20:15:01","","1","5","1","1"
"Ubqm7RDRPXlaMvG1TxYs2OgNSDU1_GjXlS5L9LNDYhgJlRvJzMDokLJfgordHHVl","2021-11-26 20:15:03","2021-11-26 20:15:40","2021-11-26 20:15:40","","1","3","1","1"
"KhE7rNQXQywzqbOrO--O9iA0_yEOEYuYmaCJGhPFIrxZv5lVvPpKlYJx6eXbGug0","2021-11-26 20:15:03","2021-11-26 20:15:36","2021-11-26 20:15:37","","1","2","1","1"
"lwCW63cHhFlcEj_yPltcq-wCmAdTt6jeClQgRyTY4hHBcP4p5IsJn5JoyvlF6g7_","2021-11-26 20:15:07","2021-11-26 20:16:22","2021-11-26 20:16:22","","1","7","1","1"
"0eFeZ-m9agM_TCGBB8hduhgRpMjjzq48cZnIqXWnaBDk94q4s1wjUBmzYwCUJq9n","2021-11-26 20:15:13","2021-11-26 20:16:23","2021-11-26 20:16:23","","1","2","1","1"
"2L_xOjQqE5crnR3WH_ytdh3RI5HLa92CPNCfKn-YYHOd4_-_8w20dEwDLa1DlFK3","2021-11-26 20:15:37","2021-11-26 20:15:52","2021-11-26 20:15:52","","1","2","1","1"
"eD1v1MK2rnd4oSHLJykR7-B_n-3795gzHisBa1jjZXq0VA29Oqb0dKiDIn9jbO80","2021-11-26 20:15:38","2021-11-26 20:16:03","2021-11-26 20:16:03","","1","5","1","1"
"4VS1MZ508aXfopFfxVeuD2t4IUP5wYCvTRNwlmunGYIYR4GSYvRmvio5OQpFm5Lv","2021-11-26 20:15:45","2021-11-26 20:16:05","2021-11-26 20:16:05","","1","4","1","1"
"9-nHcdIneOioHeb9-tjh42owkrgDB3-UWbK7SDcoCHS9xdeyIL2V8fR_AfSdRC4-","2021-11-26 20:15:50","2021-11-26 20:16:51","2021-11-26 20:16:51","","1","6","1","1"
"ZYPTQ8K5FTEfPkRTFEfotU3yv4mIQ5j7DPUlpLNMPB6m2UsTxcjknquIUil9_hXH","2021-11-26 20:15:54","2021-11-26 20:16:17","2021-11-26 20:16:17","","1","6","1","1"
"gstBs-AUBlkEYL8EBhTm_2JD9RGGckCOy8eINYxU6X3AOEimUlQjQjzS-Qy5Mdc5","2021-11-26 20:16:29","2021-11-26 20:16:58","2021-11-26 20:16:59","","1","4","1","1"
"6t_G1EzpAcmbNdas08epvAKt6F2_3THbxk-EwJ9MGzT17ob6hrmCFJZh6zFyBdyt","2021-11-26 20:16:36","2021-11-26 20:17:20","2021-11-26 20:17:20","","1","4","1","1"
"wLxbYl6gTZtK10QJov4VU99ddw8he7TyOz6OeOz98rvD1NHtsPI0WJsKpG2HO-r9","2021-11-26 20:16:59","2021-11-26 20:17:40","2021-11-26 20:17:40","","1","5","1","1"
"QdDdY_k-TxIzeD--PUsL92xcdKVnjpHLTp2lX41kt2QGnE_n-L1Ek6Q4JsTc-8qf","2021-11-26 20:17:06","2021-11-26 20:17:32","2021-11-26 20:17:32","","1","4","1","1"
"vdJ4l6dvRLc8HuBn_8csdQSPM7bI0i8TDgdVAQVpyhRtTOZz28bJxpq0Defu0vdH","2021-11-26 20:17:09","2021-11-26 20:18:12","2021-11-26 20:18:12","","1","2","1","1"
"kPrMv36gPxBvEeUTZQv6dTdwIkjr41SDBYqhNvZsUTopq-KvH2_Z7k46YjIt9fOP","2021-11-26 20:17:33","2021-11-26 20:18:11","2021-11-26 20:18:11","","1","2","1","1"
"eQljlMt1Yq6MN1JjHbFgWvIjEyOkviz-Md2sdyj8qE9jhjD22epNDj60xKJ1f76K","2021-11-26 20:18:04","2021-11-26 20:18:50","2021-11-26 20:18:50","","1","6","1","1"
"T1YKOwYcp_kInjnJH5v1ik4unTOtyhTop-chsVEZiW62hIe4DNUSyPOOleFZ2nNR","2021-11-26 20:18:06","2021-11-26 20:20:31","2021-11-26 20:20:31","","1","5","1","1"
"lQCeiQKZPWQAhaf2roIhGs-e-wAT54iXKYW0ESfnRKulDkrbg455O9Fys25xQF_l","2021-11-26 20:18:15","2021-11-26 20:18:58","2021-11-26 20:18:58","","1","6","1","1"
"QlHdHVGnLFSY9jqcJXB88DLmWuzkxpktAFRXrAP8uSyYiQx_v751iX424fGhLQtw","2021-11-26 20:21:14","2021-11-26 20:23:17","2021-11-26 20:23:17","","1","4","1","1"
"S335PnaVTMSmZsS2vC_V2JqYLJLfQp8ib_FyKDCyFB1--v951Yec0Vlh-p03Jk7k","2021-11-26 20:21:51","2021-11-26 20:22:23","2021-11-26 20:22:23","","1","6","1","1"
"0M0SqGlNSRhBdFhsIcF_1ACqcLOHDWZOFZU2-zaJPVlnhkyDFneV2QAbd5d5VYGT","2021-11-26 20:26:36","2021-11-26 20:27:00","2021-11-26 20:27:00","","1","4","1","1"
"gskCdP5lteBaE0DuEnjxlomRc0uYTZHRhcuS8RB5wv34KJhVdXjlrRQz72Dmc01a","2021-11-26 20:27:16","2021-11-26 20:28:07","2021-11-26 20:28:07","","1","5","1","1"
"tJrIl2DjWnQokKy7kJE90oBv-TOMdayrr8hv-vYCmSV7qiN_yFxHGcmiRSoMO62b","2021-11-26 20:28:33","2021-11-26 20:29:55","2021-11-26 20:29:55","","1","4","1","1"
"nCNoTH2r3dE7UGAcmUs0mU3wZOKP7AHQjc2l_Nt7NjDWqGUPqyKZqaCCyUasKCCg","2021-11-26 20:31:06","2021-11-26 20:31:58","2021-11-26 20:31:58","","1","1","1","1"
"ZGkYZ6-CuOo1NP4CZdrl9N24GqmXSBp4hWFrSVUnKIV2DiyKTlh7oGNQ9vHKwzuX","2021-11-26 20:32:16","2021-11-26 20:33:09","2021-11-26 20:33:09","","1","5","1","1"
"b6diTZ5P5i_HBnGHSsyQ3W7emVuK-FdTgKflOnOllNdMMwFEW4iSxMoxwsrPPBdq","2021-11-26 20:55:31","","","","","","",""
"t8BoE7hV4wvPnplVu-iRb0xSAwRF-E5OWus6a5_05jtHNHZc0Tv-WSvjcrpZPSiT","2021-11-26 21:00:09","2021-11-26 21:02:01","2021-11-26 21:02:01","","1","3","1","1"
"M-QxJNy9-hePgEr2ldxEGjTGYpnursf9N5UJb6XVt5XJuc8KFjz-5AadQQQoN9QM","2021-11-27 00:00:50","2021-11-27 00:01:10","2021-11-27 00:01:10","","1","7","1","1"
"kwVw6WzozRFMaXYpxIUoF4DtLBknKwj1Qx9CFZLg90Vq0MTg-Vy0e1CCjHhzq5LM","2021-11-27 13:48:02","","","","","","",""
"i15ws6vaL2f8-2EVTVWe7RyU1pH06tyFK0p701suy1jn48djgygGsLC0PnBPF1J8","2021-11-27 20:07:59","","","","","","",""
"qlOQSE_nK45PXcB07DGbtm1hQhhaGpjVy1nLKXqM6VRfnKJyNByzTEdAtVbg-IFs","2021-11-27 20:08:19","","","","","","",""
"yRqJFkHjRScn3Tm4s9dSljOp3U23ku7ZXaFMZ6kA-5lsoI1RgGJBrfFlp6tejjEb","2021-11-27 20:23:11","","","","","","",""
"QCGdGVFdNQ390QmrEYHyf2jVFBHXQwdYMADn9DqBrghfY8F92qXmpnxHdmDkdx0f","2021-11-27 20:36:54","2021-11-27 20:37:38","2021-11-27 20:37:38","","2","2","1","1"
"2VlNWLGiYooyks17EsBjbmOFHUFf2x1A2OBNniZ8iv3-UoKHNv4SJdCspMmQ7zZm","2021-11-27 20:51:38","2021-11-27 20:52:04","2021-11-27 20:52:04","","1","3","1","1"
"TXUpWfYHNULnMy_nxXkcM8jIamIpvtuH_2dMkmdbMHOwOgBE797EKSXWwINTL_ak","2021-11-27 20:56:12","2021-11-27 20:56:49","","","","","",""
"I4Bn49hcTXXOks9k6fzQysNb5ln_ORh48OaNwj1a_sJlPN3oHqzd2TqYAXAV_6TT","2021-11-27 20:57:51","","","","","","",""
"UIJ4oCPsItbY3NMOVeXWC173lN3AQX1YPPrFFRzNP_6KeiLztNNasJWm_jJrtPVo","2021-11-27 21:01:53","","","","","","",""
"0qlPzesjgYE2-uGvhMU33Cke29BCeWldUJnfyr1nVt2uTC5QUoIgWH7JRGXBXwQ9","2021-11-27 21:02:08","","","","","","",""
"CNKj-v39Um2ED15xURnVxA36NdUOt8gfvLWBlRPeJw0i0Cw9-9CPrA_Xxm5TRb0p","2021-11-27 21:02:59","","","","","","",""
"A2ILCfzK3wMtAsA-waUFmknJWQeBIKkbgqjvSwqSSxOb2BrRsU2Rau-5pUUzmX_v","2021-11-27 21:21:51","2021-11-27 21:22:28","2021-11-27 21:22:28","","1","3","1","1"
"Zw9dkp7vyohXHyp8x2iC6iKVFTfF4yHw6fN0bgILqrU8poz1B2HxVQCFD6cG_0ee","2021-11-27 22:03:42","2021-11-27 22:04:13","2021-11-27 22:04:13","","1","6","1","1"
"jUNcTUeYLX3aqcvlTMyUOVusTPHr5v9TDaWBSStTl-NBTPZ1eN5qb2mcALMzaaaL","2021-11-27 22:10:52","2021-11-27 22:11:28","2021-11-27 22:11:28","","1","6","1","1"
"xn2rON_BCKozdPMsBlPZz22kZU0K1GtMD5sUVFxGxbn-WD98ECknOA9rP0DH_5jh","2021-11-27 22:24:20","2021-11-27 22:24:56","2021-11-27 22:24:56","","1","2","1","1"
"yArcABmNI_arEbnp0GSPqFbIPuye9hgn95bGcKMU3hCM3XEj9BOMzzMn7NOstnGK","2021-11-27 22:27:56","2021-11-27 22:28:16","2021-11-27 22:28:16","","1","2","1","1"
"wO7YaXJMiCiPHe1MHFp3Mv8XsPcT4SAZBvoMsS7YwvS11jEP6262QRaL1Nz8R5s-","2021-11-27 22:51:27","2021-11-27 22:52:34","2021-11-27 22:52:34","","1","4","1","1"
"DOPyffCC76z00jVykz1F5QvSWe1zar9xPp8_Yev6j1OihWtoZwNgicBKUsPmZrQr","2021-11-27 23:03:34","2021-11-27 23:04:02","2021-11-27 23:04:02","","1","2","1","1"
"EIxuwq4SCSsnca5KFMz_5lg8oWWNnX8jXgBjhMfb2B7Hpz4n8NGMowJG4z5zGzEw","2021-11-28 00:04:57","2021-11-28 00:05:15","2021-11-28 00:05:15","","1","2","1","1"
"_uPxGSFykKd9-WV-HsQA-PXYOIsc0rkOThfNdF3RcoLMd1SGJ-lYMQD9MmVT9vS9","2021-11-28 00:42:58","2021-11-28 00:43:56","2021-11-28 00:43:57","","1","2","1","1"
"Q38s-fHzkTFtrCQK-PaoFP79pacEFnb8ROMagFe-lHZENkATgG87tVZ-M-pWFidz","2021-11-28 01:15:24","2021-11-28 01:16:12","2021-11-28 01:16:12","","1","7","1","1"
"K7AaUv-5JfXWBBh2Tz5V7_b9d61UxZEPoxxPp5giy5od8doKF0ynciXqcWfu68fm","2021-11-28 02:13:42","2021-11-28 02:14:15","2021-11-28 02:14:15","","1","4","1","1"
"BW4WcqoWqrvgyN-cNwJM16-xGTbhR7KOPDBoKIFEkLtXfuFvTu6j5BIirKLFj8Y9","2021-11-28 06:12:46","2021-11-28 06:13:22","2021-11-28 06:13:22","","1","6","1","1"
"Se_IlBrXPgPw_L6pucYQ-A4l-hrsXAYA_BRg_prvAB28HUIhTBa9BufvfpUHOaGE","2021-11-28 07:16:26","2021-11-28 07:17:16","2021-11-28 07:17:16","","1","6","1","1"
"HaxtRTpqHwfVsncUfo3TtvV3uiKDDsCUZyUCf8xT7KG4JCveMNv64yO9cspcAYcC","2021-11-28 07:17:30","","","","","","",""
"bwihOggbx9DqvsX9e4b2S8c_ysUm5atrpWMBQpKy8cr9VmkxV08g1aWl0LaiAwze","2021-11-28 12:38:15","","","","","","",""
"oY5tnEyFLr1BibD8QmnE_HQx2y9XRpr-TqH_A06QGg56f4eKtq_AJd-kpd_dlwQR","2021-11-28 14:04:56","2021-11-28 14:05:55","2021-11-28 14:05:55","","1","6","1","1"
"m7pCUq3volZzGAHKPfTEsS8g-xDXj9BZoVEd1ZG_ZQMIQwF9pwl5b_LtDcYKbHAY","2021-11-28 17:13:51","2021-11-28 17:14:26","2021-11-28 17:14:26","","1","2","1","1"
"ngwOSkqu8J8r944b_pJo_1ULBpPMgG1I4Bl3E3KmgNKD6yXaf5f31fR4jjnQzSNH","2021-11-28 17:13:53","","","","","","",""
"Zd2vxaSGtI3KIOd_6bha72Xas_-VM_9RnsFpFS1VUfAr0-Dh45pN1qnb3rwkrNHy","2021-11-28 17:14:10","","","","","","",""
"wPDRlSWst-m1Tim0tyrddtySmOXww96q5DfQNPLicNWo1HtQKJHh3QQ_C8Q1oRdg","2021-11-28 23:13:54","2021-11-28 23:14:53","2021-11-28 23:14:53","","1","5","1","1"
"MB21EesdvOL12-4ypS4KrOdO14hy7A7nZdiXzYYFtfhjfr4qycyZPl7dmncMVntH","2021-11-29 03:28:08","","","","","","",""
"qs-cdWSvzoHA8q8-lIxg3JtwNMLte7mZhUCzDvIJYkV2ZKtITIf82WNN0n6Xc_Su","2021-11-29 07:20:45","","","","","","",""
"Nle3t4wnEUA-I7SzkE3neFOrY2_Z1BTAQ8jWqqj3yQ-QYvBIFPDt4esXiUXZy45P","2021-11-29 23:14:50","","","","","","",""
"-L1kSRK2tFI1ZbYd5M3fnea8VpOGOcmmcxynD87w-0rpGkTYZleuJChWcY2fBaG1","2021-11-30 20:39:11","2021-11-30 20:39:58","2021-11-30 20:39:58","","1","2","1","1"
"gv25uzZR7L-h7j0VYpsSFTL1bT3bPu8pmyxC7hchF8oVm8Yd5BuKKU1XXq1K_LL2","2021-12-01 01:59:05","2021-12-01 02:00:43","2021-12-01 02:00:43","","1","2","1","1"
"_ad4_JDOHOBXHxWEeg8q_TRIorXFQxnzepiDDWCPxd8NU06nT1yScgjxZeHbUtdY","2021-12-01 23:35:43","2021-12-01 23:36:04","2021-12-01 23:36:04","","1","4","1","1"
"ilrVuuw332zK8DYIlHbbde_nVPaZg2kbomZFXBDL02sb1oIWGScUlNwAoHVMTNel","2021-12-02 00:23:16","2021-12-02 00:24:02","2021-12-02 00:24:02","","1","2","1","1"
"Ku-6UpLK9sebKE1C9GaF631gK9aZq3DH5XZ5HCUkt8MvwAI0EXFkg35WysTUghum","2021-12-04 10:00:45","","","","","","",""
"Zph6gBHFKUwvOQeaPccAR9PQjBtJUO3OIEn0iO26xFo_48KL0tGYOZaHMwZmj23F","2021-12-05 15:36:45","","","","","","",""
"UATRFcGbaKhCaoAqApMP3wtctr8SbK2tJPtS9Sp3vU8Yj2jIczBdwvutDE8yjNTS","2021-12-05 23:03:16","","","","","","",""
"MS9GzdxvRdiV68aMNbrguQKyH7gV_XMCl2MA5stlDizwvWEmrjcgfVBQWvDX3M1Q","2021-12-06 23:10:17","2021-12-06 23:11:15","2021-12-06 23:11:15","","1","4","1","1"
"WkOH3qBycjVpLuecZz2hvDF_cnrJWqfhPVFVnpUsWcfeMXQArSclGKeKG4CB_ry4","2021-12-07 14:07:52","","","","","","",""
"myGwsRpyAv8TTz-drIXCirAqX4FvnAs_TVOnSh4T60RebBiODssjwse463-I7Qh0","2021-12-09 07:35:35","","","","","","",""
"ZPIHM3PfjsB2j_ukr8R6Db5UI4fhXuznzhND61x4Pt786p52YwNceEfFK80xYeX0","2021-12-09 21:24:22","","","","","","",""
"eCoLpYW-P38NPuRhQrR6hGzTVEju5W47fFEbCUm2tQBXUnXjk1oZOjb7R9m3PM-Y","2021-12-10 22:19:00","","","","","","",""
"-W6pXnfg3-w5lOa_xVPEGcWciA0ufLhV1_NvNy0EaaLRvD8Ge-_HlSoCj-c0Jq8d","2021-12-11 19:50:16","","","","","","",""
